<?xml version="1.0" encoding="UTF-8"?>
<!DOCTYPE mapper PUBLIC "-//mybatis.org//DTD Mapper 3.0//EN" "http://mybatis.org/dtd/mybatis-3-mapper.dtd">
<mapper namespace="mybatis.CartMapper">
	<insert id="cartInsert" parameterType="CartDTO">
		INSERT INTO cart VALUES(#{userid}, #{pid}, #{pname}, #{pprice}, #{pimage})
	</insert>
	
	<delete id="cartDelete" parameterType="CartDTO">
		DELETE FROM cart WHERE userid = #{userid} AND pid = #{pid}
	</delete>
	
	<select id="cartSearchAll" parameterType="String" resultType="CartDTO">
		SELECT * FROM cart WHERE userid = #{userid}
	</select>
	
	<select id="carttotalCnt" parameterType="String" resultType="int">
		SELECT COUNT(*) FROM cart WHERE userid = #{userid}
	</select>
	
	<select id="isProductinCart" parameterType="UserProduct" resultType="int">
		SELECT COUNT(*) FROM cart WHERE userid = #{userid} AND pid = #{pid}
	</select>

</mapper>