<?xml version="1.0" encoding="UTF-8"?>
<!DOCTYPE mapper PUBLIC "-//mybatis.org//DTD Mapper 3.0//EN" "http://mybatis.org/dtd/mybatis-3-mapper.dtd">
<mapper namespace="mybatis.CommentMapper">
	<insert id="commentInsert" parameterType="CommentDTO">
		INSERT INTO comment (qid, ccontent, userid, cdate) VALUES(#{qid}, #{ccontent},#{userid}, now())
	</insert>
	<delete id="commentDelete" parameterType="int">
		DELETE FROM comment WHERE cid = #{cid}
	</delete>
	<select id="commentSelectAll" parameterType="int" resultType="CommentDTO">
		SELECT * FROM comment WHERE qid = #{qid}	
	</select>
	<select id="commentTotalCnt" parameterType="int" resultType="int">
		SELECT COUNT(*) FROM comment WHERE qid = #{qid}
	</select>
</mapper>