<?xml version="1.0" encoding="UTF-8"?>
<!DOCTYPE configuration
PUBLIC "-//mybatis.org//DTD Config 3.0//EN"
"http://mybatis.org/dtd/mybatis-3-config.dtd">
<configuration>
	<!-- db.properties의 경로를 지정해준다. -->
	<!-- resource 속성은 .이 아닌 /로 접근한다. -->
	
	<!-- 특정 클래스의 별칭(alias)을 지정 -->
	<typeAliases>
		<typeAlias type="user.UserDTO" alias="UserDTO"/>
		<typeAlias type="product.ProductDTO" alias="ProductDTO"/>
		<typeAlias type="qa.QaDTO" alias="QaDTO"/>
		<typeAlias type="product.ProductPage" alias="ProductPage"/>
		<typeAlias type="qa.QaPage" alias="QaPage"/>
		<typeAlias type="cart.CartDTO" alias="CartDTO"/>
		<typeAlias type="cart.UserProduct" alias="UserProduct"/>
		<typeAlias type="comment.CommentDTO" alias="CommentDTO"/>
	</typeAliases>
	<environments default="development">
		<environment id="development">
			<transactionManager type="JDBC" />
			<dataSource type="POOLED">
				<property name="driver" value="com.mysql.cj.jdbc.Driver" />
				<property name="url" value="jdbc:mysql://localhost:3306/YUNCASE" />
				<property name="username" value="root" />
				<property name="password" value="asd070311"/>
			</dataSource>
		</environment>
	</environments>
	<!-- Mapper 경로 지정 -->
	<mappers>
		<mapper resource="mybatis/UserMapper.xml" />
		<mapper resource="mybatis/ProductMapper.xml"/>
		<mapper resource="mybatis/QaMapper.xml"/>
		<mapper resource="mybatis/CartMapper.xml"/>
		<mapper resource="mybatis/CommentMapper.xml"/>
	</mappers>
</configuration>